<?xml version="1.0" encoding="utf-8" ?>
<dwsync>
<file name="SSDBSQL.php" server="p2.ibog.biz" local="130630675184665288" remote="130630692600000000" Dst="1" />
<file name="SSDBSchema.php" server="p2.ibog.biz" local="130630682886842382" remote="130632289800000000" Dst="1" />
<file name="SSException.php" server="p2.ibog.biz" local="130626319718017274" remote="130630692600000000" Dst="1" />
<file name="SSImport.php" server="p2.ibog.biz" local="130630759713170396" remote="130630759200000000" Dst="1" />
<file name="SSSession.php" server="p2.ibog.biz" local="130626319719450088" remote="130630692600000000" Dst="1" />
<file name="SSCustomer.php" server="p2.ibog.biz" local="130628085836360494" remote="130630692600000000" Dst="1" />
<file name="SSArticle.php" server="p2.ibog.biz" local="130626319716251132" remote="130630692600000000" Dst="1" />
<file name="SSCategory.php" server="p2.ibog.biz" local="130626319716620808" remote="130630692600000000" Dst="1" />
<file name="SSModel.php" server="p2.ibog.biz" local="130630749704015026" remote="130630749600000000" Dst="1" />
<file name="SSOrder.php" server="p2.ibog.biz" local="130628112587748105" remote="130630692600000000" Dst="1" />
<file name="SSOrderItem.php" server="p2.ibog.biz" local="130627819043689310" remote="130630692600000000" Dst="1" />
</dwsync>